0.005000,0.000031
0.010000,0.000068
0.015000,0.000062
0.020000,0.000063
0.025000,0.000062
0.030000,0.000062
0.035000,0.000061
0.040000,0.000060
0.045000,0.000059
0.050000,0.000058
0.055000,0.000057
0.060000,0.000056
0.065000,0.000054
0.070000,0.000053
0.075000,0.000052
0.080000,0.000050
0.085000,0.000048
0.090000,0.000047
0.095000,0.000045
0.100000,0.000043
0.105000,0.000041
0.110000,0.000039
0.115000,0.000036
0.120000,0.000034
0.125000,0.000031
0.130000,0.000028
0.135000,0.000026
0.140000,0.000024
0.145000,0.000024
0.150000,0.000022
0.155000,0.000020
0.160000,0.000014
0.165000,0.000006
0.170000,-0.000004
0.175000,-0.000012
0.180000,-0.000018
0.185000,-0.000023
0.190000,-0.000026
0.195000,-0.000030
0.200000,-0.000030
0.205000,-0.000018
0.210000,0.000006
0.215000,0.000035
0.220000,0.000045
0.225000,0.000009
0.230000,-0.000078
0.235000,-0.000190
0.240000,-0.000271
0.245000,-0.000272
0.250000,-0.000197
0.255000,-0.000106
0.260000,-0.000077
0.265000,-0.000148
0.270000,-0.000253
0.275000,-0.000265
0.280000,-0.000095
0.285000,0.000230
0.290000,0.000521
0.295000,0.000549
0.300000,0.000226
0.305000,-0.000319
0.310000,-0.000765
0.315000,-0.000812
0.320000,-0.000462
0.325000,-0.000001
0.330000,0.000190
0.335000,-0.000067
0.340000,-0.000477
0.345000,-0.000527
0.350000,0.000069
0.355000,0.001133
0.360000,0.001996
0.365000,0.001990
0.370000,0.001054
0.375000,-0.000288
0.380000,-0.001246
0.385000,-0.001308
0.390000,-0.000697
0.395000,-0.000104
0.400000,-0.000151
0.405000,-0.001016
0.410000,-0.002234
0.415000,-0.003069
0.420000,-0.003020
0.425000,-0.002051
0.430000,-0.000632
0.435000,0.000606
0.440000,0.001291
0.445000,0.001425
0.450000,0.001324
0.455000,0.001240
0.460000,0.001013
0.465000,0.000199
0.470000,-0.001584
0.475000,-0.004257
0.480000,-0.007023
0.485000,-0.008770
0.490000,-0.008636
0.495000,-0.006349
0.500000,-0.002388
0.505000,0.002287
0.510000,0.006560
0.515000,0.009389
0.520000,0.009981
0.525000,0.008090
0.530000,0.004073
0.535000,-0.000827
0.540000,-0.004976
0.545000,-0.007185
0.550000,-0.006934
0.555000,-0.004645
0.560000,-0.001488
0.565000,0.001300
0.570000,0.003125
0.575000,0.004166
0.580000,0.005189
0.585000,0.006731
0.590000,0.008384
0.595000,0.009108
0.600000,0.007886
0.605000,0.004498
0.610000,-0.000048
0.615000,-0.004341
0.620000,-0.007499
0.625000,-0.009262
0.630000,-0.009705
0.635000,-0.008728
0.640000,-0.005859
0.645000,-0.001164
0.650000,0.003898
0.655000,0.007150
0.660000,0.006924
0.665000,0.003397
0.670000,-0.000805
0.675000,-0.002671
0.680000,-0.001202
0.685000,0.002004
0.690000,0.003380
0.695000,0.000326
0.700000,-0.006185
0.705000,-0.012556
0.710000,-0.014705
0.715000,-0.010749
0.720000,-0.002750
0.725000,0.005233
0.730000,0.009767
0.735000,0.009553
0.740000,0.005975
0.745000,0.001514
0.750000,-0.001934
0.755000,-0.003474
0.760000,-0.003158
0.765000,-0.001614
0.770000,0.000250
0.775000,0.001438
0.780000,0.001172
0.785000,-0.000443
0.790000,-0.001963
0.795000,-0.001519
0.800000,0.001906
0.805000,0.007573
0.810000,0.012744
0.815000,0.014516
0.820000,0.011802
0.825000,0.005670
0.830000,-0.001192
0.835000,-0.006372
0.840000,-0.009278
0.845000,-0.010380
0.850000,-0.009962
0.855000,-0.007674
0.860000,-0.002881
0.865000,0.003690
0.870000,0.008827
0.875000,0.009005
0.880000,0.003194
0.885000,-0.006027
0.890000,-0.012956
0.895000,-0.012952
0.900000,-0.006395
0.905000,0.002207
0.910000,0.006951
0.915000,0.004683
0.920000,-0.002095
0.925000,-0.007947
0.930000,-0.008379
0.935000,-0.002297
0.940000,0.007073
0.945000,0.014994
0.950000,0.018250
0.955000,0.015939
0.960000,0.009364
0.965000,0.001019
0.970000,-0.006350
0.975000,-0.010343
0.980000,-0.009577
0.985000,-0.004595
0.990000,0.001651
0.995000,0.005529
1.000000,0.004917
1.005000,0.000422
1.010000,-0.004448
1.015000,-0.005927
1.020000,-0.002781
1.025000,0.003314
1.030000,0.008562
1.035000,0.009635
1.040000,0.005970
1.045000,-0.000590
1.050000,-0.007039
1.055000,-0.011052
1.060000,-0.012308
1.065000,-0.011651
1.070000,-0.009866
1.075000,-0.007130
1.080000,-0.003106
1.085000,0.001858
1.090000,0.005818
1.095000,0.006447
1.100000,0.002788
1.105000,-0.003722
1.110000,-0.009184
1.115000,-0.009848
1.120000,-0.004782
1.125000,0.004016
1.130000,0.012628
1.135000,0.017601
1.140000,0.017905
1.145000,0.014376
1.150000,0.008629
1.155000,0.002346
1.160000,-0.003097
1.165000,-0.006660
1.170000,-0.007828
1.175000,-0.007181
1.180000,-0.006610
1.185000,-0.007836
1.190000,-0.010683
1.195000,-0.012862
1.200000,-0.010797
1.205000,-0.002534
1.210000,0.009718
1.215000,0.020796
1.220000,0.025173
1.225000,0.020414
1.230000,0.009493
1.235000,-0.001919
1.240000,-0.009208
1.245000,-0.011140
1.250000,-0.010500
1.255000,-0.010598
1.260000,-0.011781
1.265000,-0.011903
1.270000,-0.008334
1.275000,-0.000803
1.280000,0.006966
1.285000,0.010324
1.290000,0.007390
1.295000,-0.000040
1.300000,-0.007241
1.305000,-0.010119
1.310000,-0.008358
1.315000,-0.004555
1.320000,-0.002143
1.325000,-0.003012
1.330000,-0.005947
1.335000,-0.008034
1.340000,-0.006657
1.345000,-0.000946
1.350000,0.007421
1.355000,0.015259
1.360000,0.019343
1.365000,0.017904
1.370000,0.011697
1.375000,0.003322
1.380000,-0.003941
1.385000,-0.007573
1.390000,-0.006932
1.395000,-0.002964
1.400000,0.002367
1.405000,0.006676
1.410000,0.007749
1.415000,0.004364
1.420000,-0.002852
1.425000,-0.011273
1.430000,-0.016756
1.435000,-0.015898
1.440000,-0.008327
1.445000,0.003130
1.450000,0.013377
1.455000,0.017980
1.460000,0.015864
1.465000,0.009134
1.470000,0.001812
1.475000,-0.002641
1.480000,-0.003365
1.485000,-0.001612
1.490000,0.000455
1.495000,0.001178
1.500000,0.000401
1.505000,-0.001050
1.510000,-0.002158
1.515000,-0.002294
1.520000,-0.001540
1.525000,-0.000491
1.530000,0.000044
1.535000,-0.000635
1.540000,-0.002818
1.545000,-0.006194
1.550000,-0.009798
1.555000,-0.012441
1.560000,-0.013194
1.565000,-0.011618
1.570000,-0.007816
1.575000,-0.002168
1.580000,0.004793
1.585000,0.011992
1.590000,0.017468
1.595000,0.019040
1.600000,0.015440
1.605000,0.007613
1.610000,-0.000627
1.615000,-0.004831
1.620000,-0.002743
1.625000,0.004149
1.630000,0.010505
1.635000,0.011054
1.640000,0.004694
1.645000,-0.005109
1.650000,-0.011903
1.655000,-0.010953
1.660000,-0.003240
1.665000,0.006170
1.670000,0.011424
1.675000,0.009452
1.680000,0.002141
1.685000,-0.006234
1.690000,-0.012219
1.695000,-0.014355
1.700000,-0.013197
1.705000,-0.009783
1.710000,-0.004405
1.715000,0.002713
1.720000,0.010432
1.725000,0.016801
1.730000,0.019718
1.735000,0.018129
1.740000,0.012908
1.745000,0.006105
1.750000,-0.000101
1.755000,-0.004070
1.760000,-0.005059
1.765000,-0.003054
1.770000,0.001387
1.775000,0.007131
1.780000,0.012590
1.785000,0.016419
1.790000,0.018165
1.795000,0.017937
1.800000,0.015750
1.805000,0.011032
1.810000,0.002706
1.815000,-0.009101
1.820000,-0.021480
1.825000,-0.029821
1.830000,-0.030023
1.835000,-0.021553
1.840000,-0.009454
1.845000,-0.001256
1.850000,-0.002619
1.855000,-0.013933
1.860000,-0.028715
1.865000,-0.037934
1.870000,-0.035271
1.875000,-0.020096
1.880000,0.001444
1.885000,0.020247
1.890000,0.028827
1.895000,0.024340
1.900000,0.010273
1.905000,-0.005879
1.910000,-0.015977
1.915000,-0.015071
1.920000,-0.004242
1.925000,0.011071
1.930000,0.024087
1.935000,0.030324
1.940000,0.030034
1.945000,0.025955
1.950000,0.020295
1.955000,0.013486
1.960000,0.004385
1.965000,-0.006953
1.970000,-0.016988
1.975000,-0.020580
1.980000,-0.014024
1.985000,0.002500
1.990000,0.023872
1.995000,0.043235
2.000000,0.055648
2.005000,0.059361
2.010000,0.055758
2.015000,0.047138
2.020000,0.034761
2.025000,0.019376
2.030000,0.002458
2.035000,-0.012879
2.040000,-0.021786
2.045000,-0.019953
2.050000,-0.006117
2.055000,0.017197
2.060000,0.043989
2.065000,0.067336
2.070000,0.082009
2.075000,0.085366
2.080000,0.077525
2.085000,0.060395
2.090000,0.036728
2.095000,0.009683
2.100000,-0.017578
2.105000,-0.042595
2.110000,-0.064254
2.115000,-0.082486
2.120000,-0.097588
2.125000,-0.109349
2.130000,-0.116673
2.135000,-0.118962
2.140000,-0.117534
2.145000,-0.114975
2.150000,-0.113467
2.155000,-0.112258
2.160000,-0.106227
2.165000,-0.089513
2.170000,-0.060207
2.175000,-0.022768
2.180000,0.011913
2.185000,0.032822
2.190000,0.035444
2.195000,0.022900
2.200000,0.004364
2.205000,-0.010900
2.210000,-0.018932
2.215000,-0.020691
2.220000,-0.019806
2.225000,-0.019089
2.230000,-0.017807
2.235000,-0.012368
2.240000,0.002005
2.245000,0.028736
2.250000,0.067552
2.255000,0.113793
2.260000,0.158610
2.265000,0.191693
2.270000,0.204308
2.275000,0.191403
2.280000,0.153162
2.285000,0.094985
2.290000,0.027073
2.295000,-0.037512
2.300000,-0.085652
2.305000,-0.108677
2.310000,-0.106278
2.315000,-0.085275
2.320000,-0.056438
2.325000,-0.029153
2.330000,-0.007285
2.335000,0.008833
2.340000,0.019064
2.345000,0.021567
2.350000,0.012867
2.355000,-0.007715
2.360000,-0.034011
2.365000,-0.055441
2.370000,-0.062126
2.375000,-0.051832
2.380000,-0.034596
2.385000,-0.026041
2.390000,-0.037793
2.395000,-0.069503
2.400000,-0.104882
2.405000,-0.121454
2.410000,-0.102710
2.415000,-0.045595
2.420000,0.036326
2.425000,0.121362
2.430000,0.189720
2.435000,0.229396
2.440000,0.239079
2.445000,0.224254
2.450000,0.192394
2.455000,0.149851
2.460000,0.100318
2.465000,0.046712
2.470000,-0.006665
2.475000,-0.054100
2.480000,-0.089730
2.485000,-0.110584
2.490000,-0.118789
2.495000,-0.118966
2.500000,-0.114541
2.505000,-0.105622
2.510000,-0.088772
2.515000,-0.061461
2.520000,-0.026278
2.525000,0.010210
2.530000,0.040272
2.535000,0.058000
2.540000,0.060909
2.545000,0.047695
2.550000,0.016262
2.555000,-0.033855
2.560000,-0.098138
2.565000,-0.166260
2.570000,-0.223333
2.575000,-0.255721
2.580000,-0.256600
2.585000,-0.226181
2.590000,-0.170218
2.595000,-0.097224
2.600000,-0.016225
2.605000,0.063674
2.610000,0.133554
2.615000,0.185820
2.620000,0.215476
2.625000,0.220546
2.630000,0.202336
2.635000,0.165509
2.640000,0.117828
2.645000,0.068275
2.650000,0.024817
2.655000,-0.007099
2.660000,-0.024994
2.665000,-0.027358
2.670000,-0.012320
2.675000,0.019284
2.680000,0.060215
2.685000,0.097204
2.690000,0.114081
2.695000,0.100152
2.700000,0.057615
2.705000,-0.000673
2.710000,-0.056574
2.715000,-0.094551
2.720000,-0.108257
2.725000,-0.100537
2.730000,-0.081538
2.735000,-0.064316
2.740000,-0.060163
2.745000,-0.074343
2.750000,-0.102816
2.755000,-0.134088
2.760000,-0.153085
2.765000,-0.148098
2.770000,-0.116821
2.775000,-0.065445
2.780000,-0.005297
2.785000,0.052845
2.790000,0.102994
2.795000,0.141743
2.800000,0.165034
2.805000,0.167871
2.810000,0.146095
2.815000,0.101083
2.820000,0.043468
2.825000,-0.010327
2.830000,-0.043707
2.835000,-0.046384
2.840000,-0.019577
2.845000,0.025189
2.850000,0.069636
2.855000,0.096420
2.860000,0.096727
2.865000,0.072889
2.870000,0.038030
2.875000,0.008312
2.880000,-0.005376
2.885000,-0.000850
2.890000,0.014628
2.895000,0.029481
2.900000,0.033558
2.905000,0.021777
2.910000,-0.003521
2.915000,-0.033957
2.920000,-0.057935
2.925000,-0.066257
2.930000,-0.057376
2.935000,-0.037458
2.940000,-0.017950
2.945000,-0.008762
2.950000,-0.012173
2.955000,-0.023737
2.960000,-0.035497
2.965000,-0.040819
2.970000,-0.037987
2.975000,-0.028636
2.980000,-0.015306
2.985000,-0.000325
2.990000,0.014360
2.995000,0.026355
3.000000,0.032436
3.005000,0.030191
3.010000,0.019843
3.015000,0.004214
3.020000,-0.012222
3.025000,-0.025557
3.030000,-0.034286
3.035000,-0.038686
3.040000,-0.039587
3.045000,-0.037389
3.050000,-0.031714
3.055000,-0.022578
3.060000,-0.011478
3.065000,-0.000739
3.070000,0.007608
3.075000,0.012591
3.080000,0.014474
3.085000,0.013525
3.090000,0.008972
3.095000,-0.000084
3.100000,-0.013232
3.105000,-0.027941
3.110000,-0.039593
3.115000,-0.043822
3.120000,-0.038936
3.125000,-0.026221
3.130000,-0.009289
3.135000,0.007932
3.140000,0.022957
3.145000,0.034623
3.150000,0.042525
3.155000,0.046632
3.160000,0.047256
3.165000,0.045523
3.170000,0.043600
3.175000,0.043536
3.180000,0.045805
3.185000,0.048709
3.190000,0.048594
3.195000,0.042234
3.200000,0.029341
3.205000,0.012943
3.210000,-0.001504
3.215000,-0.009466
3.220000,-0.010451
3.225000,-0.007591
3.230000,-0.005802
3.235000,-0.008377
3.240000,-0.014351
3.245000,-0.020054
3.250000,-0.021744
3.255000,-0.017950
3.260000,-0.010715
3.265000,-0.003488
3.270000,0.001386
3.275000,0.003499
3.280000,0.004242
3.285000,0.005111
3.290000,0.006192
3.295000,0.006542
3.300000,0.005132
3.305000,0.001800
3.310000,-0.002206
3.315000,-0.005089
3.320000,-0.005555
3.325000,-0.003364
3.330000,0.000427
3.335000,0.003854
3.340000,0.004558
3.345000,0.000503
3.350000,-0.009185
3.355000,-0.023379
3.360000,-0.038444
3.365000,-0.049559
3.370000,-0.052622
3.375000,-0.046288
3.380000,-0.033305
3.385000,-0.018751
3.390000,-0.007515
3.395000,-0.002053
3.400000,-0.001055
3.405000,-0.001228
3.410000,0.000346
3.415000,0.004617
3.420000,0.009812
3.425000,0.012971
3.430000,0.011855
3.435000,0.006148
3.440000,-0.001990
3.445000,-0.009229
3.450000,-0.012818
3.455000,-0.012107
3.460000,-0.009377
3.465000,-0.008096
3.470000,-0.010605
3.475000,-0.016487
3.480000,-0.022046
3.485000,-0.023058
3.490000,-0.017849
3.495000,-0.008010
3.500000,0.002254
3.505000,0.009214
3.510000,0.012407
3.515000,0.014034
3.520000,0.017201
3.525000,0.023528
3.530000,0.031496
3.535000,0.037928
3.540000,0.040158
3.545000,0.037604
3.550000,0.032447
3.555000,0.027830
3.560000,0.025732
3.565000,0.026109
3.570000,0.026948
3.575000,0.026148
3.580000,0.023344
3.585000,0.019656
3.590000,0.016644
3.595000,0.014664
3.600000,0.011878
3.605000,0.005935
3.610000,-0.003904
3.615000,-0.016062
3.620000,-0.026948
3.625000,-0.033269
3.630000,-0.034200
3.635000,-0.031138
3.640000,-0.026719
3.645000,-0.023423
3.650000,-0.022500
3.655000,-0.024012
3.660000,-0.027036
3.665000,-0.029845
3.670000,-0.030244
3.675000,-0.026674
3.680000,-0.019363
3.685000,-0.010322
3.690000,-0.002694
3.695000,0.001100
3.700000,0.000990
3.705000,-0.001254
3.710000,-0.003200
3.715000,-0.003223
3.720000,-0.001461
3.725000,0.001100
3.730000,0.003816
3.735000,0.006766
3.740000,0.010598
3.745000,0.015597
3.750000,0.020902
3.755000,0.025010
3.760000,0.026589
3.765000,0.025114
3.770000,0.021166
3.775000,0.015869
3.780000,0.010247
3.785000,0.005044
3.790000,0.000686
3.795000,-0.002684
3.800000,-0.005200
3.805000,-0.007223
3.810000,-0.009173
3.815000,-0.011110
3.820000,-0.012464
3.825000,-0.012573
3.830000,-0.011397
3.835000,-0.009721
3.840000,-0.008918
3.845000,-0.009704
3.850000,-0.011092
3.855000,-0.011121
3.860000,-0.008146
3.865000,-0.002066
3.870000,0.005131
3.875000,0.011082
3.880000,0.014925
3.885000,0.017422
3.890000,0.020246
3.895000,0.024284
3.900000,0.028401
3.905000,0.030607
3.910000,0.029644
3.915000,0.025640
3.920000,0.020078
3.925000,0.014532
3.930000,0.009505
3.935000,0.004659
3.940000,-0.000622
3.945000,-0.006757
3.950000,-0.013690
3.955000,-0.020927
3.960000,-0.027579
3.965000,-0.032366
3.970000,-0.033788
3.975000,-0.030960
3.980000,-0.024499
3.985000,-0.016558
3.990000,-0.010314
3.995000,-0.008237
4.000000,-0.010412
4.005000,-0.014595
4.010000,-0.017110
4.015000,-0.015203
4.020000,-0.009104
4.025000,-0.001469
4.030000,0.004136
4.035000,0.005544
4.040000,0.003663
4.045000,0.001143
4.050000,0.000399
4.055000,0.002262
4.060000,0.005461
4.065000,0.008151
4.070000,0.009491
4.075000,0.009600
4.080000,0.008933
4.085000,0.007502
4.090000,0.004539
4.095000,-0.000475
4.100000,-0.006745
4.105000,-0.012467
4.110000,-0.015654
4.115000,-0.015277
4.120000,-0.012024
4.125000,-0.007508
4.130000,-0.003213
4.135000,0.000039
4.140000,0.002245
4.145000,0.003738
4.150000,0.004729
4.155000,0.005386
4.160000,0.006009
4.165000,0.006960
4.170000,0.008466
4.175000,0.010391
4.180000,0.012137
4.185000,0.013043
4.190000,0.012856
4.195000,0.011926
4.200000,0.011202
4.205000,0.011752
4.210000,0.014201
4.215000,0.018408
4.220000,0.023313
4.225000,0.027385
4.230000,0.029240
4.235000,0.028262
4.240000,0.025054
4.245000,0.020996
4.250000,0.017538
4.255000,0.015337
4.260000,0.013703
4.265000,0.011296
4.270000,0.007113
4.275000,0.001169
4.280000,-0.005296
4.285000,-0.010916
4.290000,-0.015345
4.295000,-0.019234
4.300000,-0.023693
4.305000,-0.029223
4.310000,-0.034958
4.315000,-0.039408
4.320000,-0.041502
4.325000,-0.041116
4.330000,-0.039183
4.335000,-0.036845
4.340000,-0.034609
4.345000,-0.032300
4.350000,-0.029323
4.355000,-0.025242
4.360000,-0.020288
4.365000,-0.015322
4.370000,-0.011548
4.375000,-0.009766
4.380000,-0.009655
4.385000,-0.009798
4.390000,-0.008128
4.395000,-0.003234
4.400000,0.004462
4.405000,0.013010
4.410000,0.019824
4.415000,0.023203
4.420000,0.023506
4.425000,0.022497
4.430000,0.022180
4.435000,0.023653
4.440000,0.026392
4.445000,0.029011
4.450000,0.030285
4.455000,0.029813
4.460000,0.028314
4.465000,0.026975
4.470000,0.026675
4.475000,0.027532
4.480000,0.028702
4.485000,0.028855
4.490000,0.026756
4.495000,0.021740
4.500000,0.014031
4.505000,0.004624
4.510000,-0.004948
4.515000,-0.012995
4.520000,-0.018107
4.525000,-0.019649
4.530000,-0.018169
4.535000,-0.015226
4.540000,-0.012917
4.545000,-0.012886
4.550000,-0.015407
4.555000,-0.019439
4.560000,-0.023066
4.565000,-0.024514
4.570000,-0.023066
4.575000,-0.019118
4.580000,-0.013920
4.585000,-0.008904
4.590000,-0.005073
4.595000,-0.002862
4.600000,-0.002153
4.605000,-0.002504
4.610000,-0.003326
4.615000,-0.003906
4.620000,-0.003465
4.625000,-0.001448
4.630000,0.002140
4.635000,0.006661
4.640000,0.010989
4.645000,0.014128
4.650000,0.015769
4.655000,0.016139
4.660000,0.015640
4.665000,0.014540
4.670000,0.012894
4.675000,0.011012
4.680000,0.009834
4.685000,0.010395
4.690000,0.013038
4.695000,0.016953
4.700000,0.020164
4.705000,0.020795
4.710000,0.018405
4.715000,0.014112
4.720000,0.010121
4.725000,0.008278
4.730000,0.008755
4.735000,0.010201
4.740000,0.010415
4.745000,0.007647
4.750000,0.001697
4.755000,-0.006230
4.760000,-0.014115
4.765000,-0.020224
4.770000,-0.023988
4.775000,-0.025710
4.780000,-0.025958
4.785000,-0.025002
4.790000,-0.022608
4.795000,-0.018797
4.800000,-0.014580
4.805000,-0.011512
4.810000,-0.010803
4.815000,-0.012345
4.820000,-0.014229
4.825000,-0.014116
4.830000,-0.010897
4.835000,-0.005289
4.840000,0.000285
4.845000,0.003388
4.850000,0.003239
4.855000,0.000825
4.860000,-0.001660
4.865000,-0.002250
4.870000,-0.000470
4.875000,0.002806
4.880000,0.005983
4.885000,0.007792
4.890000,0.008106
4.895000,0.007619
4.900000,0.007194
4.905000,0.007160
4.910000,0.006901
4.915000,0.005499
4.920000,0.002540
4.925000,-0.001541
4.930000,-0.005481
4.935000,-0.008052
4.940000,-0.008893
4.945000,-0.008483
4.950000,-0.007763
4.955000,-0.007381
4.960000,-0.007098
4.965000,-0.006074
4.970000,-0.003421
4.975000,0.001145
4.980000,0.006829
4.985000,0.012112
4.990000,0.015374
4.995000,0.015689
5.000000,0.013411
5.005000,0.009720
5.010000,0.005917
5.015000,0.002791
5.020000,0.000294
5.025000,-0.001893
5.030000,-0.003750
5.035000,-0.005039
5.040000,-0.005665
5.045000,-0.005964
5.050000,-0.006699
5.055000,-0.008265
5.060000,-0.009955
5.065000,-0.010409
5.070000,-0.008444
5.075000,-0.003999
5.080000,0.001314
5.085000,0.005203
5.090000,0.005991
5.095000,0.003431
5.100000,-0.000980
5.105000,-0.005030
5.110000,-0.007007
5.115000,-0.006325
5.120000,-0.003703
5.125000,-0.000343
5.130000,0.002926
5.135000,0.005804
5.140000,0.008328
5.145000,0.010280
5.150000,0.010795
5.155000,0.008966
5.160000,0.004662
5.165000,-0.001107
5.170000,-0.006273
5.175000,-0.008945
5.180000,-0.008658
5.185000,-0.006423
5.190000,-0.004199
5.195000,-0.003502
5.200000,-0.004254
5.205000,-0.005300
5.210000,-0.005405
5.215000,-0.004204
5.220000,-0.002659
5.225000,-0.001976
5.230000,-0.002452
5.235000,-0.003512
5.240000,-0.004250
5.245000,-0.004324
5.250000,-0.004467
5.255000,-0.005519
5.260000,-0.007332
5.265000,-0.008762
5.270000,-0.008204
5.275000,-0.004737
5.280000,0.000987
5.285000,0.007334
5.290000,0.012593
5.295000,0.015663
5.300000,0.016401
5.305000,0.015237
5.310000,0.012733
5.315000,0.009516
5.320000,0.006335
5.325000,0.004016
5.330000,0.003301
5.335000,0.004483
5.340000,0.007096
5.345000,0.010113
5.350000,0.012328
5.355000,0.012906
5.360000,0.011821
5.365000,0.009675
5.370000,0.007312
5.375000,0.005290
5.380000,0.003512
5.385000,0.001518
5.390000,-0.001063
5.395000,-0.004176
5.400000,-0.007177
5.405000,-0.009207
5.410000,-0.009617
5.415000,-0.008184
5.420000,-0.005229
5.425000,-0.001539
5.430000,0.001771
5.435000,0.003607
5.440000,0.003300
5.445000,0.000955
5.450000,-0.002376
5.455000,-0.005204
5.460000,-0.006255
5.465000,-0.004977
5.470000,-0.001855
5.475000,0.001945
5.480000,0.005062
5.485000,0.006438
5.490000,0.005736
5.495000,0.003411
5.500000,0.000629
5.505000,-0.001252
5.510000,-0.001273
5.515000,0.000734
5.520000,0.003974
5.525000,0.007235
5.530000,0.009551
5.535000,0.010548
5.540000,0.010555
5.545000,0.010091
5.550000,0.009351
5.555000,0.008172
5.560000,0.006210
5.565000,0.003333
5.570000,-0.000106
5.575000,-0.003535
5.580000,-0.006514
5.585000,-0.008822
5.590000,-0.010407
5.595000,-0.011168
5.600000,-0.010874
5.605000,-0.009580
5.610000,-0.008041
5.615000,-0.007436
5.620000,-0.008781
5.625000,-0.012141
5.630000,-0.016140
5.635000,-0.018828
5.640000,-0.018825
5.645000,-0.015963
5.650000,-0.011456
5.655000,-0.006894
5.660000,-0.003212
5.665000,-0.000603
5.670000,0.001218
5.675000,0.002492
5.680000,0.003087
5.685000,0.002823
5.690000,0.001848
5.695000,0.000536
5.700000,-0.000748
5.705000,-0.001803
5.710000,-0.002597
5.715000,-0.003022
5.720000,-0.002719
5.725000,-0.001412
5.730000,0.000712
5.735000,0.003061
5.740000,0.004905
5.745000,0.005833
5.750000,0.006058
5.755000,0.006019
5.760000,0.005893
5.765000,0.005539
5.770000,0.004656
5.775000,0.003203
5.780000,0.001720
5.785000,0.001017
5.790000,0.001745
5.795000,0.004077
5.800000,0.007495
5.805000,0.010891
5.810000,0.012815
5.815000,0.012105
5.820000,0.008602
5.825000,0.003496
5.830000,-0.000749
5.835000,-0.001832
5.840000,0.000848
5.845000,0.005875
5.850000,0.010254
5.855000,0.011335
5.860000,0.008595
5.865000,0.003422
5.870000,-0.001796
5.875000,-0.005114
5.880000,-0.006102
5.885000,-0.005339
5.890000,-0.003632
5.895000,-0.001657
5.900000,0.000100
5.905000,0.001125
5.910000,0.000772
5.915000,-0.001286
5.920000,-0.004594
5.925000,-0.008086
5.930000,-0.010517
5.935000,-0.011117
5.940000,-0.010106
5.945000,-0.008429
5.950000,-0.007262
5.955000,-0.007364
5.960000,-0.008591
5.965000,-0.010085
5.970000,-0.010696
5.975000,-0.009602
5.980000,-0.006820
5.985000,-0.003092
5.990000,0.000415
5.995000,0.002556
6.000000,0.002615
6.005000,0.000447
6.010000,-0.003457
6.015000,-0.008089
6.020000,-0.012132
6.025000,-0.014410
6.030000,-0.014331
6.035000,-0.012018
6.040000,-0.008281
6.045000,-0.004223
6.050000,-0.000805
6.055000,0.001469
6.060000,0.002765
6.065000,0.003789
6.070000,0.005476
6.075000,0.008353
6.080000,0.011979
6.085000,0.015117
6.090000,0.016231
6.095000,0.014387
6.100000,0.010001
6.105000,0.004502
6.110000,-0.000286
6.115000,-0.002873
6.120000,-0.002668
6.125000,0.000082
6.130000,0.004450
6.135000,0.009043
6.140000,0.012251
6.145000,0.012828
6.150000,0.010516
6.155000,0.006246
6.160000,0.002010
6.165000,-0.000183
6.170000,0.000593
6.175000,0.003877
6.180000,0.007982
6.185000,0.011069
6.190000,0.012216
6.195000,0.011584
6.200000,0.010166
6.205000,0.008911
6.210000,0.007965
6.215000,0.006860
6.220000,0.005002
6.225000,0.002264
6.230000,-0.000691
6.235000,-0.002994
6.240000,-0.004266
6.245000,-0.004730
6.250000,-0.005023
6.255000,-0.005568
6.260000,-0.006086
6.265000,-0.005956
6.270000,-0.004757
6.275000,-0.002585
6.280000,-0.000142
6.285000,0.001721
6.290000,0.002488
6.295000,0.002081
6.300000,0.000818
6.305000,-0.000815
6.310000,-0.002370
6.315000,-0.003487
6.320000,-0.003927
6.325000,-0.003614
6.330000,-0.002721
6.335000,-0.001694
6.340000,-0.001190
6.345000,-0.001734
6.350000,-0.003360
6.355000,-0.005565
6.360000,-0.007468
6.365000,-0.008383
6.370000,-0.008347
6.375000,-0.007979
6.380000,-0.008090
6.385000,-0.009044
6.390000,-0.010270
6.395000,-0.010626
6.400000,-0.008997
6.405000,-0.004935
6.410000,0.000913
6.415000,0.007171
6.420000,0.012295
6.425000,0.015139
6.430000,0.015381
6.435000,0.013455
6.440000,0.010346
6.445000,0.007223
6.450000,0.005036
6.455000,0.004199
6.460000,0.004372
6.465000,0.004707
6.470000,0.004252
6.475000,0.002477
6.480000,-0.000342
6.485000,-0.003388
6.490000,-0.005746
6.495000,-0.006837
6.500000,-0.006696
6.505000,-0.005737
6.510000,-0.004436
6.515000,-0.003183
6.520000,-0.002230
6.525000,-0.001778
6.530000,-0.002019
6.535000,-0.003037
6.540000,-0.004663
6.545000,-0.006451
6.550000,-0.007721
6.555000,-0.007805
6.560000,-0.006326
6.565000,-0.003419
6.570000,0.000174
6.575000,0.003428
6.580000,0.005467
6.585000,0.005939
6.590000,0.005238
6.595000,0.004178
6.600000,0.003556
6.605000,0.003775
6.610000,0.004601
6.615000,0.005384
6.620000,0.005385
6.625000,0.004165
6.630000,0.001882
6.635000,-0.000847
6.640000,-0.003211
6.645000,-0.004606
6.650000,-0.004949
6.655000,-0.004553
6.660000,-0.003880
6.665000,-0.003240
6.670000,-0.002583
6.675000,-0.001695
6.680000,-0.000477
6.685000,0.000839
6.690000,0.001626
6.695000,0.001260
6.700000,-0.000415
6.705000,-0.002877
6.710000,-0.004968
6.715000,-0.005552
6.720000,-0.004229
6.725000,-0.001536
6.730000,0.001153
6.735000,0.002384
6.740000,0.001435
6.745000,-0.001395
6.750000,-0.004772
6.755000,-0.007007
6.760000,-0.006889
6.765000,-0.004337
6.770000,-0.000736
6.775000,0.001914
6.780000,0.002153
6.785000,-0.000001
6.790000,-0.002679
6.795000,-0.003634
6.800000,-0.001916
6.805000,0.001691
6.810000,0.005034
6.815000,0.006376
6.820000,0.005916
6.825000,0.005060
6.830000,0.005101
6.835000,0.006236
6.840000,0.007248
6.845000,0.006912
6.850000,0.005360
6.855000,0.003665
6.860000,0.002874
6.865000,0.003090
6.870000,0.003098
6.875000,0.001578
6.880000,-0.001593
6.885000,-0.005367
6.890000,-0.008081
6.895000,-0.008503
6.900000,-0.006629
6.905000,-0.003321
6.910000,0.000296
6.915000,0.003247
6.920000,0.004934
6.925000,0.005104
6.930000,0.003820
6.935000,0.001544
6.940000,-0.000862
6.945000,-0.002577
6.950000,-0.003323
6.955000,-0.003463
6.960000,-0.003833
6.965000,-0.005016
6.970000,-0.006703
6.975000,-0.007951
6.980000,-0.007751
6.985000,-0.005723
6.990000,-0.002544
6.995000,0.000651
7.000000,0.003047
7.005000,0.004470
7.010000,0.005398
7.015000,0.006327
7.020000,0.007196
7.025000,0.007579
7.030000,0.007108
7.035000,0.005870
7.040000,0.004567
7.045000,0.003934
7.050000,0.004088
7.055000,0.004417
7.060000,0.003802
7.065000,0.001409
7.070000,-0.002585
7.075000,-0.007095
7.080000,-0.010575
7.085000,-0.011852
7.090000,-0.010836
7.095000,-0.008341
7.100000,-0.005627
7.105000,-0.003701
7.110000,-0.002744
7.115000,-0.002250
7.120000,-0.001388
7.125000,0.000396
7.130000,0.002889
7.135000,0.005243
7.140000,0.006374
7.145000,0.005670
7.150000,0.003562
7.155000,0.001201
7.160000,-0.000165
7.165000,0.000031
7.170000,0.001139
7.175000,0.001850
7.180000,0.001010
7.185000,-0.001748
7.190000,-0.005660
7.195000,-0.009377
7.200000,-0.011681
7.205000,-0.011960
7.210000,-0.010479
7.215000,-0.008033
7.220000,-0.005500
7.225000,-0.003465
7.230000,-0.002015
7.235000,-0.000977
7.240000,-0.000204
7.245000,0.000350
7.250000,0.000696
7.255000,0.001015
7.260000,0.001759
7.265000,0.003288
7.270000,0.005486
7.275000,0.007798
7.280000,0.009470
7.285000,0.010024
7.290000,0.009593
7.295000,0.008591
7.300000,0.007315
7.305000,0.005882
7.310000,0.004331
7.315000,0.002821
7.320000,0.001711
7.325000,0.001239
7.330000,0.001255
7.335000,0.001470
7.340000,0.001800
7.345000,0.002398
7.350000,0.003480
7.355000,0.004869
7.360000,0.005727
7.365000,0.005161
7.370000,0.002999
7.375000,0.000025
7.380000,-0.002183
7.385000,-0.002306
7.390000,-0.000316
7.395000,0.002586
7.400000,0.004488
7.405000,0.003934
7.410000,0.000930
7.415000,-0.003293
7.420000,-0.006918
7.425000,-0.008533
7.430000,-0.007909
7.435000,-0.005753
7.440000,-0.003213
7.445000,-0.001321
7.450000,-0.000589
7.455000,-0.001025
7.460000,-0.002219
7.465000,-0.003484
7.470000,-0.004039
7.475000,-0.003397
7.480000,-0.001733
7.485000,0.000194
7.490000,0.001324
7.495000,0.000946
7.500000,-0.000752
7.505000,-0.002834
7.510000,-0.004029
7.515000,-0.003363
7.520000,-0.000698
7.525000,0.003294
7.530000,0.007385
7.535000,0.010375
7.540000,0.011656
7.545000,0.011356
7.550000,0.010227
7.555000,0.009057
7.560000,0.008092
7.565000,0.007055
7.570000,0.005401
7.575000,0.002833
7.580000,-0.000295
7.585000,-0.003228
7.590000,-0.005243
7.595000,-0.006037
7.600000,-0.005968
7.605000,-0.005771
7.610000,-0.006146
7.615000,-0.007344
7.620000,-0.008918
7.625000,-0.010051
7.630000,-0.010039
7.635000,-0.008713
7.640000,-0.006630
7.645000,-0.004541
7.650000,-0.002803
7.655000,-0.001309
7.660000,0.000324
7.665000,0.002244
7.670000,0.004033
7.675000,0.005177
7.680000,0.005640
7.685000,0.005875
7.690000,0.006560
7.695000,0.007994
7.700000,0.009703
7.705000,0.010975
7.710000,0.011530
7.715000,0.011603
7.720000,0.011727
7.725000,0.012137
7.730000,0.012365
7.735000,0.011739
7.740000,0.010007
7.745000,0.007446
7.750000,0.004688
7.755000,0.002231
7.760000,0.000097
7.765000,-0.001843
7.770000,-0.003478
7.775000,-0.004557
7.780000,-0.004959
7.785000,-0.004934
7.790000,-0.005136
7.795000,-0.006099
7.800000,-0.007740
7.805000,-0.009573
7.810000,-0.011118
7.815000,-0.012225
7.820000,-0.013178
7.825000,-0.014214
7.830000,-0.015067
7.835000,-0.015158
7.840000,-0.013965
7.845000,-0.011308
7.850000,-0.007464
7.855000,-0.002839
7.860000,0.002294
7.865000,0.007526
7.870000,0.011998
7.875000,0.014571
7.880000,0.014290
7.885000,0.011128
7.890000,0.006479
7.895000,0.002325
7.900000,0.000120
7.905000,0.000131
7.910000,0.001254
7.915000,0.002103
7.920000,0.002120
7.925000,0.001620
7.930000,0.001399
7.935000,0.001930
7.940000,0.002800
7.945000,0.003207
7.950000,0.002628
7.955000,0.001057
7.960000,-0.001033
7.965000,-0.003161
7.970000,-0.005221
7.975000,-0.007238
7.980000,-0.009017
7.985000,-0.010083
7.990000,-0.009818
7.995000,-0.007915
8.000000,-0.004749
8.005000,-0.001154
8.010000,0.001968
8.015000,0.004030
8.020000,0.005005
8.025000,0.005206
8.030000,0.005003
8.035000,0.004670
8.040000,0.004344
8.045000,0.004130
8.050000,0.004176
8.055000,0.004530
8.060000,0.004973
8.065000,0.005031
8.070000,0.004129
8.075000,0.002004
8.080000,-0.000938
8.085000,-0.003818
8.090000,-0.005666
8.095000,-0.005967
8.100000,-0.005039
8.105000,-0.003696
8.110000,-0.002760
8.115000,-0.002688
8.120000,-0.003378
8.125000,-0.004411
8.130000,-0.005332
8.135000,-0.005748
8.140000,-0.005380
8.145000,-0.004182
8.150000,-0.002453
8.155000,-0.000716
8.160000,0.000524
8.165000,0.001175
8.170000,0.001782
8.175000,0.003025
8.180000,0.005088
8.185000,0.007444
8.190000,0.008971
8.195000,0.008769
8.200000,0.006905
8.205000,0.004187
8.210000,0.001624
8.215000,-0.000214
8.220000,-0.001566
8.225000,-0.002972
8.230000,-0.004635
8.235000,-0.006287
8.240000,-0.007306
8.245000,-0.007232
8.250000,-0.006202
8.255000,-0.004813
8.260000,-0.003818
8.265000,-0.003799
8.270000,-0.004913
8.275000,-0.006880
8.280000,-0.009007
8.285000,-0.010341
8.290000,-0.009894
8.295000,-0.007160
8.300000,-0.002587
8.305000,0.002535
8.310000,0.006489
8.315000,0.008055
8.320000,0.007299
8.325000,0.005260
8.330000,0.003315
8.335000,0.002385
8.340000,0.002423
8.345000,0.002903
8.350000,0.003421
8.355000,0.003804
8.360000,0.003985
8.365000,0.003735
8.370000,0.002593
8.375000,0.000406
8.380000,-0.002184
8.385000,-0.004143
8.390000,-0.004718
8.395000,-0.004001
8.400000,-0.003101
8.405000,-0.003169
8.410000,-0.004379
8.415000,-0.005976
8.420000,-0.006773
8.425000,-0.006055
8.430000,-0.004214
8.435000,-0.002178
8.440000,-0.000639
8.445000,0.000231
8.450000,0.000754
8.455000,0.001288
8.460000,0.001847
8.465000,0.002327
8.470000,0.002813
8.475000,0.003526
8.480000,0.004622
8.485000,0.005967
8.490000,0.007037
8.495000,0.007307
8.500000,0.006649
8.505000,0.005281
8.510000,0.003561
8.515000,0.001740
8.520000,-0.000164
8.525000,-0.002100
8.530000,-0.003733
8.535000,-0.004584
8.540000,-0.004309
8.545000,-0.002944
8.550000,-0.001004
8.555000,0.000898
8.560000,0.002443
8.565000,0.003617
8.570000,0.004551
8.575000,0.005211
8.580000,0.005231
8.585000,0.004266
8.590000,0.002431
8.595000,0.000361
8.600000,-0.000948
8.605000,-0.000748
8.610000,0.000943
8.615000,0.003472
8.620000,0.005903
8.625000,0.007443
8.630000,0.007762
8.635000,0.006898
8.640000,0.005122
8.645000,0.002885
8.650000,0.000753
8.655000,-0.000868
8.660000,-0.002026
8.665000,-0.003194
8.670000,-0.005029
8.675000,-0.007751
8.680000,-0.010651
8.685000,-0.012568
8.690000,-0.012614
8.695000,-0.010764
8.700000,-0.008091
8.705000,-0.005897
8.710000,-0.004741
8.715000,-0.004236
8.720000,-0.003281
8.725000,-0.001026
8.730000,0.002278
8.735000,0.005550
8.740000,0.007517
8.745000,0.007567
8.750000,0.006297
8.755000,0.004872
8.760000,0.004171
8.765000,0.004326
8.770000,0.004650
8.775000,0.004378
8.780000,0.003378
8.785000,0.002013
8.790000,0.000742
8.795000,-0.000230
8.800000,-0.001069
8.805000,-0.001843
8.810000,-0.002118
8.815000,-0.001330
8.820000,0.000637
8.825000,0.003162
8.830000,0.004922
8.835000,0.004780
8.840000,0.002664
8.845000,-0.000476
8.850000,-0.003098
8.855000,-0.003977
8.860000,-0.002959
8.865000,-0.000776
8.870000,0.001432
8.875000,0.002725
8.880000,0.002807
8.885000,0.001877
8.890000,0.000343
8.895000,-0.001392
8.900000,-0.003049
8.905000,-0.004411
8.910000,-0.005259
8.915000,-0.005445
8.920000,-0.004981
8.925000,-0.004032
8.930000,-0.002847
8.935000,-0.001659
8.940000,-0.000608
8.945000,0.000220
8.950000,0.000723
8.955000,0.000807
8.960000,0.000420
8.965000,-0.000430
8.970000,-0.001661
8.975000,-0.003156
8.980000,-0.004768
8.985000,-0.006243
8.990000,-0.007168
8.995000,-0.007087
9.000000,-0.005701
9.005000,-0.003072
9.010000,0.000262
9.015000,0.003560
9.020000,0.006222
9.025000,0.007957
9.030000,0.008817
9.035000,0.008933
9.040000,0.008297
9.045000,0.006913
9.050000,0.005032
9.055000,0.003173
9.060000,0.001965
9.065000,0.001644
9.070000,0.001668
9.075000,0.001138
9.080000,-0.000559
9.085000,-0.003238
9.090000,-0.005729
9.095000,-0.006730
9.100000,-0.005752
9.105000,-0.003321
9.110000,-0.000754
9.115000,0.000763
9.120000,0.001011
9.125000,0.000561
9.130000,0.000293
9.135000,0.000797
9.140000,0.001964
9.145000,0.003252
9.150000,0.004078
9.155000,0.004040
9.160000,0.003066
9.165000,0.001411
9.170000,-0.000358
9.175000,-0.001523
9.180000,-0.001456
9.185000,-0.000014
9.190000,0.002176
9.195000,0.004068
9.200000,0.004759
9.205000,0.004028
9.210000,0.002628
9.215000,0.001617
9.220000,0.001555
9.225000,0.002186
9.230000,0.002484
9.235000,0.001500
9.240000,-0.000821
9.245000,-0.003695
9.250000,-0.005885
9.255000,-0.006434
9.260000,-0.005251
9.265000,-0.002931
9.270000,-0.000381
9.275000,0.001577
9.280000,0.002507
9.285000,0.002389
9.290000,0.001577
9.295000,0.000675
9.300000,0.000336
9.305000,0.000920
9.310000,0.002178
9.315000,0.003386
9.320000,0.003665
9.325000,0.002512
9.330000,0.000221
9.335000,-0.002377
9.340000,-0.004352
9.345000,-0.005082
9.350000,-0.004510
9.355000,-0.002970
9.360000,-0.000949
9.365000,0.001013
9.370000,0.002395
9.375000,0.002849
9.380000,0.002368
9.385000,0.001304
9.390000,0.000255
9.395000,-0.000344
9.400000,-0.000572
9.405000,-0.000802
9.410000,-0.001328
9.415000,-0.002033
9.420000,-0.002283
9.425000,-0.001489
9.430000,0.000314
9.435000,0.002541
9.440000,0.004396
9.445000,0.005405
9.450000,0.005736
9.455000,0.005719
9.460000,0.005304
9.465000,0.004134
9.470000,0.001905
9.475000,-0.001124
9.480000,-0.003871
9.485000,-0.005201
9.490000,-0.004798
9.495000,-0.003244
9.500000,-0.001690
9.505000,-0.000945
9.510000,-0.000751
9.515000,-0.000279
9.520000,0.001108
9.525000,0.003344
9.530000,0.005509
9.535000,0.006521
9.540000,0.005871
9.545000,0.003702
9.550000,0.000649
9.555000,-0.002504
9.560000,-0.005115
9.565000,-0.006715
9.570000,-0.007035
9.575000,-0.006116
9.580000,-0.004405
9.585000,-0.002544
9.590000,-0.001076
9.595000,-0.000211
9.600000,0.000301
9.605000,0.000877
9.610000,0.001775
9.615000,0.002955
9.620000,0.004071
9.625000,0.004695
9.630000,0.004546
9.635000,0.003581
9.640000,0.002011
9.645000,0.000230
9.650000,-0.001295
9.655000,-0.002174
9.660000,-0.002256
9.665000,-0.001716
9.670000,-0.001024
9.675000,-0.000639
9.680000,-0.000686
9.685000,-0.000952
9.690000,-0.001071
9.695000,-0.000922
9.700000,-0.000910
9.705000,-0.001573
9.710000,-0.003073
9.715000,-0.005008
9.720000,-0.006498
9.725000,-0.006829
9.730000,-0.006005
9.735000,-0.004498
9.740000,-0.002782
9.745000,-0.000995
9.750000,0.001140
9.755000,0.003786
9.760000,0.006484
9.765000,0.008371
9.770000,0.008633
9.775000,0.006991
9.780000,0.003994
9.785000,0.000636
9.790000,-0.002147
9.795000,-0.003781
9.800000,-0.004224
9.805000,-0.003801
9.810000,-0.002993
9.815000,-0.002210
9.820000,-0.001635
9.825000,-0.001258
9.830000,-0.000988
9.835000,-0.000802
9.840000,-0.000831
9.845000,-0.001213
9.850000,-0.001941
9.855000,-0.002893
9.860000,-0.003934
9.865000,-0.004997
9.870000,-0.006080
9.875000,-0.007026
9.880000,-0.007357
9.885000,-0.006535
9.890000,-0.004335
9.895000,-0.001072
9.900000,0.002349
9.905000,0.004911
9.910000,0.005993
9.915000,0.005514
9.920000,0.003915
9.925000,0.001861
9.930000,-0.000038
9.935000,-0.001339
9.940000,-0.001829
9.945000,-0.001537
9.950000,-0.000745
9.955000,0.000083
9.960000,0.000425
9.965000,-0.000062
9.970000,-0.001309
9.975000,-0.002808
9.980000,-0.003756
9.985000,-0.003532
9.990000,-0.002175
9.995000,-0.000357
10.000000,0.000910
10.005000,0.000976
10.010000,0.000144
10.015000,-0.000638
10.020000,-0.000374
10.025000,0.001305
10.030000,0.003699
10.035000,0.005619
10.040000,0.006070
10.045000,0.004805
10.050000,0.002007
10.055000,-0.001090
10.060000,-0.003366
10.065000,-0.004628
10.070000,-0.004669
10.075000,-0.003743
10.080000,-0.002393
10.085000,-0.001329
10.090000,-0.001134
10.095000,-0.001922
10.100000,-0.003083
10.105000,-0.003664
10.110000,-0.002888
10.115000,-0.000659
10.120000,0.002195
10.125000,0.004486
10.130000,0.005343
10.135000,0.004607
10.140000,0.002934
10.145000,0.001252
10.150000,0.000214
10.155000,0.000036
10.160000,0.000522
10.165000,0.001318
10.170000,0.002104
10.175000,0.002584
10.180000,0.002469
10.185000,0.001650
10.190000,0.000355
10.195000,-0.000891
10.200000,-0.001445
10.205000,-0.000974
10.210000,0.000262
10.215000,0.001643
10.220000,0.002539
10.225000,0.002663
10.230000,0.002220
10.235000,0.001603
10.240000,0.001095
10.245000,0.000781
10.250000,0.000582
10.255000,0.000427
10.260000,0.000342
10.265000,0.000371
10.270000,0.000487
10.275000,0.000609
10.280000,0.000642
10.285000,0.000551
10.290000,0.000382
10.295000,0.000197
10.300000,0.000022
10.305000,-0.000137
10.310000,-0.000275
10.315000,-0.000364
10.320000,-0.000363
10.325000,-0.000264
10.330000,-0.000113
10.335000,0.000024
10.340000,0.000095
10.345000,0.000093
10.350000,0.000057
10.355000,0.000034
10.360000,0.000042
10.365000,0.000074
10.370000,0.000104
10.375000,0.000115
10.380000,0.000108
10.385000,0.000092
10.390000,0.000081
10.395000,0.000077
10.400000,0.000077
10.405000,0.000076
10.410000,0.000073
10.415000,0.000069
10.420000,0.000066
10.425000,0.000063
10.430000,0.000060
10.435000,0.000055
10.440000,0.000050
10.445000,0.000046
10.450000,0.000044
10.455000,0.000042
10.460000,0.000039
10.465000,0.000037
10.470000,0.000034
10.475000,0.000031
10.480000,0.000029
10.485000,0.000027
10.490000,0.000026
10.495000,0.000024
10.500000,0.000023
10.505000,0.000021
10.510000,0.000020
10.515000,0.000019
10.520000,0.000018
10.525000,0.000018
10.530000,0.000017
10.535000,0.000017
10.540000,0.000016
10.545000,0.000016
10.550000,0.000015
10.555000,0.000015
10.560000,0.000015
10.565000,0.000014
10.570000,0.000016
10.575000,0.000003
